,ZCTA,Estimate  HOUSEHOLDS BY TYPE  Total households,Percent  COMPUTERS AND INTERNET USE  Total households  With a computer,Estimate  HOUSEHOLDS BY TYPE  Total households  Married-couple household  With children of the householder under 18 years
0,89010,171,94.2,31
1,89019,1122,89,37
2,89060,4883,89.2,689
3,89061,3087,98,183
4,89439,775,90.1,104
5,90001,13421,94.7,3214
6,90002,13011,90.9,2533
7,90003,17759,94,3691
8,90004,22231,95.3,3683
9,90005,15993,92.7,1684
10,90006,18850,92.4,2528
11,90007,12211,91.4,933
12,90008,14425,92.4,1049
13,90010,2247,95.5,121
14,90011,24603,91.8,5610
15,90012,14361,89.4,1082
16,90013,7724,84.1,64
17,90014,5803,80.5,80
18,90015,11746,94.1,808
19,90016,17387,93.3,2283
20,90017,12996,90.3,1167
21,90018,16394,92.6,2324
22,90019,23584,93.8,2914
23,90020,16881,97.2,2112
24,90021,1454,88.6,149
25,90022,17266,89,3160
26,90023,11832,89,2604
27,90024,16359,96.7,1440
28,90025,21470,97.3,2329
29,90026,25968,95.3,2539
30,90027,21133,94.3,2374
31,90028,16833,94.9,518
32,90029,13218,90.3,1474
33,90031,11868,90.1,1644
34,90032,13314,92.7,2096
35,90033,13240,88.1,2052
36,90034,24938,97.7,2844
37,90035,11310,95.9,1880
38,90036,18990,98.6,2289
39,90037,17772,91.4,3175
40,90038,12595,93.9,1284
41,90039,11992,97,1835
42,90040,3424,87.1,699
43,90041,10001,95.6,1902
44,90042,20844,94.4,3197
45,90043,17052,93.5,2278
46,90044,28202,93.4,4999
47,90045,15666,97.1,2834
48,90046,28249,95.1,1625
49,90047,16853,93.8,2055
50,90048,11474,95.7,925
51,90049,16116,98.8,2663
52,90052,0,-,0
53,90056,3556,96.5,477
54,90057,17179,91.7,2149
55,90058,979,90.8,85
56,90059,10162,92.2,1902
57,90061,7844,91.1,1473
58,90062,9796,93,1494
59,90063,13616,86.2,2770
60,90064,11144,97.1,2007
61,90065,16180,95.4,2777
62,90066,24647,96.2,3647
63,90067,1531,96.8,91
64,90068,11528,98.4,1103
65,90069,12844,97.8,487
66,90071,10,50,0
67,90073,0,-,0
68,90077,2899,99.8,699
69,90079,0,-,0
70,90089,5,100,0
71,90094,5560,99.5,1056
72,90095,0,-,0
73,90201,23847,91.5,5458
74,90210,7947,95.7,1647
75,90211,3801,93.8,645
76,90212,5503,97.3,704
77,90220,13704,92.1,2913
78,90221,12531,92.3,2846
79,90222,8511,93.4,1825
80,90230,13792,95.9,2787
81,90232,7101,96.5,1330
82,90240,7670,96.6,2134
83,90241,14098,95.6,2947
84,90242,12729,94.6,2628
85,90245,7070,98.5,1437
86,90247,16082,93.4,2814
87,90248,3857,90.7,531
88,90249,8869,94,1526
89,90250,31962,95.7,6725
90,90254,8926,98.2,1339
91,90255,18168,92.9,4073
92,90260,10281,95.8,2142
93,90262,15026,95.7,3659
94,90263,0,-,0
95,90265,6463,97.4,1097
96,90266,13422,98.2,4088
97,90270,6320,90.4,1722
98,90272,8074,97.6,2182
99,90274,8962,98.1,2347
100,90275,15397,97.8,4079
101,90277,16590,98.4,3047
102,90278,15889,98,4428
103,90280,23824,92.2,5525
104,90290,2003,100,365
105,90291,13535,96.4,1192
106,90292,13048,99.2,1293
107,90293,6625,99.7,526
108,90301,12110,93.5,1723
109,90302,10456,97.8,1404
110,90303,6844,93.8,1184
111,90304,7067,95.8,1780
112,90305,5880,94.3,784
113,90401,4678,88,219
114,90402,4906,97.4,1123
115,90403,13164,95.3,1313
116,90404,10562,95.2,1250
117,90405,14247,95.6,1529
118,90501,14423,96.1,3760
119,90502,6342,93.3,1059
120,90503,17173,96,4034
121,90504,11662,96.3,2713
122,90505,14177,96.7,3728
123,90506,0,-,0
124,90601,10782,95.5,2041
125,90602,8032,89.7,1697
126,90603,6490,93.3,1521
127,90604,11781,93.4,3278
128,90605,11107,94.1,3170
129,90606,8692,96.4,2045
130,90620,13124,96.8,3243
131,90621,10744,96,2009
132,90623,4944,96.3,1194
133,90630,16118,96.4,4672
134,90631,21886,96.6,5159
135,90638,14803,96.6,3249
136,90639,0,-,0
137,90640,19191,90.9,2989
138,90650,26353,95.7,6715
139,90660,16996,91.6,3696
140,90670,5212,95,1054
141,90680,9667,94.1,2172
142,90701,4417,93.1,962
143,90703,15687,96.7,3586
144,90704,1543,98.3,205
145,90706,24018,94.7,5275
146,90710,9150,95,1605
147,90712,10247,96.3,2607
148,90713,9583,95.9,2252
149,90715,6573,94.5,1186
150,90716,3659,93.3,1013
151,90717,8255,94,1388
152,90720,8247,97.6,2141
153,90723,14360,95.8,3792
154,90731,23155,93.1,3515
155,90732,8680,95.6,1347
156,90740,12836,91.7,1274
157,90742,324,98.8,4
158,90743,200,100,30
159,90744,14995,94.3,4031
160,90745,15337,95.7,3458
161,90746,8547,94,1196
162,90747,0,-,0
163,90755,4603,95.5,725
164,90802,21450,96.7,1039
165,90803,17502,98.2,1442
166,90804,14975,95.4,1716
167,90805,28175,94,5529
168,90806,12555,92.4,2157
169,90807,12788,96.4,2035
170,90808,14195,98.4,3184
171,90810,9871,95.7,2007
172,90813,17485,93.8,2719
173,90814,8817,98.8,1090
174,90815,14998,98.2,3298
175,90822,0,-,0
176,90831,0,-,0
177,90840,0,-,0
178,91001,12330,97.2,2377
179,91006,10464,98.9,2502
180,91007,11708,94.7,2353
181,91008,278,100,39
182,91010,8462,94.4,1439
183,91011,6447,98,2419
184,91016,14701,96.6,2896
185,91020,3224,93,594
186,91024,4961,96.3,1012
187,91030,10345,98.2,2557
188,91040,7412,94.3,1401
189,91042,9872,92.8,1656
190,91046,98,55.1,0
191,91101,10391,93.6,896
192,91103,8480,90,1294
193,91104,13421,94,2686
194,91105,5463,97.8,901
195,91106,10442,96.7,1325
196,91107,12753,95.4,2655
197,91108,4031,98.3,1109
198,91125,0,-,0
199,91201,8147,87.8,1622
200,91202,8738,93.1,1645
201,91203,6748,93.9,1144
202,91204,6564,86.5,960
203,91205,13709,86.2,2465
204,91206,12610,90.5,2367
205,91207,4121,94.3,975
206,91208,5964,95.7,1198
207,91210,125,100,24
208,91214,10577,96.4,3548
209,91301,9059,98.5,2314
210,91302,9761,97.8,2254
211,91303,9887,97.4,2000
212,91304,18190,94.2,3440
213,91306,14463,95.1,2967
214,91307,8562,97.5,2405
215,91311,14156,97.3,3128
216,91316,12372,97.4,2375
217,91320,14902,96.7,4386
218,91321,11240,92.7,2709
219,91324,10045,96.2,1627
220,91325,12590,96.7,2178
221,91326,12518,97.4,2970
222,91330,0,-,0
223,91331,23182,92.5,5354
224,91335,24289,95.3,5139
225,91340,8829,89.5,1902
226,91342,24793,93.4,5274
227,91343,17977,95.1,4463
228,91344,17529,94.9,4174
229,91345,5448,92,1114
230,91350,12914,98.6,4085
231,91351,10380,98.8,2468
232,91352,12040,92.9,2553
233,91354,10766,99.3,3884
234,91355,12052,95.5,2642
235,91356,11803,94.4,2205
236,91360,15260,92.9,3175
237,91361,8005,96.1,1340
238,91362,13859,93.8,2552
239,91364,10254,97.2,2576
240,91367,17953,96.6,3253
241,91371,0,-,0
242,91377,5018,97.7,1579
243,91381,6590,98.8,2307
244,91384,6982,98.7,2340
245,91387,13789,96.5,4390
246,91390,6288,97.8,1713
247,91401,14596,93.1,2764
248,91402,20133,89,4188
249,91403,11867,97.3,2088
250,91405,18374,92.9,3170
251,91406,18686,94.3,3306
252,91411,9037,92.9,1346
253,91423,14925,98.5,2122
254,91436,6011,97.7,1712
255,91501,7834,92.4,1384
256,91502,5530,85.8,673
257,91504,10151,95.2,2002
258,91505,13042,95.9,2448
259,91506,8125,93.6,1224
260,91601,17086,91.7,1495
261,91602,10124,98,1192
262,91604,14350,96.6,2642
263,91605,16304,92.2,3049
264,91606,15255,91.2,2433
265,91607,13384,94.6,1885
266,91608,8,100,0
267,91701,12845,96.4,2902
268,91702,16175,95,3413
269,91706,17857,95.1,4037
270,91708,4096,99.8,1463
271,91709,24961,98.5,7198
272,91710,22214,96.8,5536
273,91711,12452,95.9,2429
274,91722,10321,94.1,2145
275,91723,6250,94.9,1045
276,91724,8987,97.4,1745
277,91730,24460,97.8,4867
278,91731,7928,90.7,1258
279,91732,15260,93.1,2896
280,91733,10786,92.2,2189
281,91737,7760,96.8,1782
282,91739,11336,99,3346
283,91740,8449,96.2,2088
284,91741,8856,95.5,2308
285,91744,18303,95.5,4281
286,91745,16309,96.6,3441
287,91746,6981,93.9,1429
288,91748,13720,96.9,2523
289,91750,12191,95.6,2204
290,91752,9157,96.6,2657
291,91754,11689,91.8,1924
292,91755,8604,92.6,1627
293,91759,175,100,25
294,91761,17624,96.4,4257
295,91762,18012,95.5,3654
296,91763,9896,95.8,2217
297,91764,16291,97,3831
298,91765,15119,98.2,3479
299,91766,19134,95.5,4243
300,91767,14712,94,2626
301,91768,8635,95.6,1634
302,91770,16192,94.9,3950
303,91773,11705,93.9,2445
304,91775,7992,96.7,1855
305,91776,11470,92.7,2398
306,91780,11656,96.4,2887
307,91784,8992,97.8,1996
308,91786,19456,94.8,3550
309,91789,12695,98.2,3002
310,91790,12465,97.2,2476
311,91791,10674,91.7,2057
312,91792,9184,98.4,1699
313,91801,20080,95.1,3270
314,91803,10002,94.5,1949
315,91901,6313,98.4,1532
316,91902,6041,97.8,924
317,91905,562,82.9,40
318,91906,1343,97.5,311
319,91910,25531,94,5173
320,91911,25756,93.5,6059
321,91913,15469,98.1,5040
322,91914,4744,99.2,2249
323,91915,9713,100,4323
324,91916,671,90.8,92
325,91917,198,100,64
326,91931,304,92.4,47
327,91932,9187,95,1444
328,91934,271,100,29
329,91935,2980,97.3,703
330,91941,12486,98,2840
331,91942,16960,95,2465
332,91945,9162,93.4,1870
333,91948,59,78,0
334,91950,17769,89.4,3306
335,91962,971,94.9,181
336,91963,112,100,34
337,91977,19730,95.4,4095
338,91978,3320,96.8,570
339,91980,0,-,0
340,92003,1627,96.3,284
341,92004,1336,96.6,78
342,92007,4289,98.1,1076
343,92008,11976,96,1872
344,92009,16512,98.2,4955
345,92010,6388,97.5,1415
346,92011,9474,98,2337
347,92014,5452,99.1,924
348,92019,15091,96.5,3739
349,92020,19997,95.5,4829
350,92021,23331,94.5,4784
351,92024,19480,96.8,4405
352,92025,16799,95.1,3773
353,92026,18432,95.7,3672
354,92027,17263,95.2,3702
355,92028,16649,95.8,3362
356,92029,7459,98,1291
357,92036,1360,93.1,152
358,92037,16342,96.4,2667
359,92040,15446,96.5,3555
360,92054,14910,96.4,2243
361,92055,0,-,0
362,92056,19344,97,3962
363,92057,18440,96.4,4596
364,92058,14201,97.7,4705
365,92059,491,97.6,104
366,92060,99,100,0
367,92061,647,91.2,64
368,92064,16282,97.8,4159
369,92065,12229,97.4,2882
370,92066,177,80.2,14
371,92067,2991,97.6,598
372,92069,14824,98.3,3442
373,92070,355,96.3,29
374,92071,20678,96.3,5050
375,92075,4978,99.2,958
376,92078,17988,97.1,5562
377,92081,10420,97.7,2171
378,92082,6134,99.3,1265
379,92083,11316,95.2,2681
380,92084,14672,97.4,3320
381,92086,524,96.9,25
382,92091,609,94.7,58
383,92092,0,-,0
384,92093,0,-,0
385,92096,0,-,0
386,92101,25702,94.2,842
387,92102,14420,95.2,1876
388,92103,18550,96,1246
389,92104,21951,97.4,2187
390,92105,22779,93.6,4301
391,92106,7678,96.3,1608
392,92107,13507,98.5,1748
393,92108,11847,98.3,1018
394,92109,21942,98,1721
395,92110,11875,95,1877
396,92111,16870,96.6,2896
397,92113,13757,93.3,3377
398,92114,18163,95.5,4025
399,92115,20892,95.7,3176
400,92116,16356,98,1303
401,92117,20681,96.5,3490
402,92118,7147,98,1634
403,92119,9224,94.9,1995
404,92120,11544,97.6,2234
405,92121,1694,100,271
406,92122,19242,97.5,2780
407,92123,12035,98.8,2219
408,92124,11201,98.8,3710
409,92126,24903,98.5,6525
410,92127,15909,97,6552
411,92128,20465,97,4552
412,92129,18049,98.8,5708
413,92130,20632,99.5,7223
414,92131,12550,98.9,4513
415,92132,0,-,0
416,92134,0,-,0
417,92135,0,-,0
418,92136,0,-,0
419,92139,9929,96.7,2369
420,92140,0,-,0
421,92145,0,-,0
422,92147,0,-,0
423,92154,22724,96.5,5445
424,92155,0,-,0
425,92161,0,-,0
426,92173,8064,92.8,2118
427,92179,0,-,0
428,92182,0,-,0
429,92201,25316,91.5,3485
430,92203,12228,97.9,2232
431,92210,2517,92.7,78
432,92211,12946,96.3,908
433,92220,11617,90.1,1346
434,92222,9,100,0
435,92223,18462,97.4,5032
436,92225,5036,88.7,664
437,92227,7597,89.8,1538
438,92230,807,88.4,87
439,92231,9005,90.6,1749
440,92233,1014,80.7,168
441,92234,18827,91,2865
442,92236,15722,93.9,2206
443,92239,139,98.6,9
444,92240,13962,88.3,2086
445,92241,3498,89.5,327
446,92242,599,89.5,43
447,92243,13080,92.7,2596
448,92249,1869,97.7,566
449,92250,2031,90.5,423
450,92251,5907,96.2,1364
451,92252,3597,91,426
452,92253,15358,95.1,2074
453,92254,3251,84.4,204
454,92256,1515,94.8,146
455,92257,479,84.1,47
456,92258,231,84.8,27
457,92259,140,84.3,0
458,92260,14717,93.7,1348
459,92262,13062,92.7,692
460,92264,11005,93.4,324
461,92266,123,90.2,0
462,92267,22,100,0
463,92268,279,98.6,9
464,92270,8817,95.7,530
465,92273,444,93.5,73
466,92274,5746,81.4,504
467,92275,629,82.8,31
468,92276,2879,88.8,657
469,92277,9873,95,2479
470,92278,0,-,0
471,92280,0,-,0
472,92281,562,88.4,91
473,92282,430,87.9,56
474,92283,531,82.5,8
475,92284,10285,90.9,1297
476,92285,1062,88.2,2
477,92301,8605,95.1,2255
478,92304,0,-,0
479,92305,149,100,55
480,92307,13224,97.4,3095
481,92308,13856,96.5,2980
482,92309,229,97.8,26
483,92310,2790,100,898
484,92311,11526,89.5,1687
485,92313,4721,93.6,821
486,92314,4399,96.9,758
487,92315,2212,95.8,282
488,92316,7550,93.1,2022
489,92317,385,100,16
490,92320,3653,93.4,731
491,92321,440,100,82
492,92322,399,100,28
493,92324,17955,93.5,3719
494,92325,3317,95.9,547
495,92327,379,82.8,0
496,92328,474,93.7,41
497,92332,65,100,0
498,92333,237,100,0
499,92335,24921,95.5,7063
500,92336,26519,97.7,9008
501,92337,9720,97,3240
502,92338,0,-,0
503,92339,506,100,78
504,92341,155,100,29
505,92342,2467,98.1,445
506,92344,5629,98.5,1895
507,92345,25960,95.6,6659
508,92346,17966,94,4213
509,92347,303,79.5,20
510,92350,54,100,0
511,92352,2021,98,336
512,92354,8515,94.2,1296
513,92356,2428,90.2,316
514,92358,351,100,30
515,92359,3251,94.1,954
516,92363,2079,91,215
517,92364,12,100,0
518,92365,1019,84.6,147
519,92368,289,89.3,45
520,92369,0,-,0
521,92371,5745,96.9,1084
522,92372,1823,97.4,495
523,92373,12793,95.3,2179
524,92374,14568,93.8,2937
525,92376,22101,95.7,5489
526,92377,5257,98.7,1241
527,92378,143,100,47
528,92382,1696,97.4,295
529,92384,18,100,0
530,92385,101,94.1,0
531,92386,876,95.5,93
532,92389,126,81,0
533,92391,884,94.3,45
534,92392,16641,94,4794
535,92394,9636,96.8,2631
536,92395,15252,95.7,2939
537,92397,2262,95,376
538,92398,646,90.1,52
539,92399,18504,94.8,4296
540,92401,740,91.8,32
541,92404,18591,94.6,3413
542,92405,9226,96.6,1783
543,92407,17574,96.8,4727
544,92408,3633,92.5,869
545,92410,12949,91,2787
546,92411,6683,87.9,1688
547,92415,0,-,0
548,92501,6562,95,1050
549,92503,24338,96.5,6740
550,92504,15659,96,3580
551,92505,14152,95.2,3714
552,92506,14415,97.5,3580
553,92507,16875,95.5,2784
554,92508,9763,98.9,3500
555,92509,18749,96.3,5226
556,92518,488,90,67
557,92521,0,-,0
558,92530,16083,96.4,4617
559,92532,7684,98.8,2510
560,92536,965,89.4,166
561,92539,1545,90.2,279
562,92543,13145,91.1,2845
563,92544,16058,94.6,3624
564,92545,15347,90.7,3033
565,92548,2232,93.5,646
566,92549,1308,93.8,159
567,92551,8171,98,2367
568,92553,19158,95.8,5097
569,92555,11493,98.2,3152
570,92557,14516,97.2,2998
571,92561,694,92.5,62
572,92562,20226,97.5,5853
573,92563,21383,98.3,7819
574,92567,2592,95,993
575,92570,14230,94.9,3854
576,92571,13351,98.3,5280
577,92582,5066,94.8,1853
578,92583,9984,95.9,2094
579,92584,15668,97.3,5205
580,92585,7180,96.7,1924
581,92586,9155,88.7,818
582,92587,5888,98.3,1655
583,92590,1919,97.4,347
584,92591,13382,98.1,3849
585,92592,24499,99,8757
586,92595,10286,96.9,2466
587,92596,8824,99.9,3123
588,92602,9125,100,3215
589,92603,7131,98.9,1857
590,92604,10407,97.5,2696
591,92606,9018,99.6,2005
592,92610,4229,99.8,1462
593,92612,14122,97.6,1765
594,92614,11223,99.1,2497
595,92617,4092,100,757
596,92618,20890,99.1,6105
597,92620,21158,98.4,7717
598,92624,2555,96.5,336
599,92625,5860,97.4,771
600,92626,19364,97.3,3348
601,92627,22141,95.5,4382
602,92629,11642,98.1,1988
603,92630,23246,96.7,5668
604,92637,11933,93.7,0
605,92646,21399,97.7,4398
606,92647,21002,98,3616
607,92648,19726,96.9,3145
608,92649,14696,97.2,2605
609,92651,10976,98.1,1393
610,92653,10738,97.4,2372
611,92655,2505,91.6,491
612,92656,19701,99,5866
613,92657,3648,100,958
614,92660,15806,97.9,2901
615,92661,1652,95,153
616,92662,1217,96.8,125
617,92663,10552,96.6,921
618,92672,15185,97.2,2716
619,92673,9774,99.1,3443
620,92675,12460,96.6,3144
621,92676,760,99.3,148
622,92677,25361,98.5,4809
623,92678,242,100,34
624,92679,10493,99.7,3170
625,92683,27611,94.5,6552
626,92688,15446,97.8,5176
627,92691,16400,97.2,4164
628,92692,16588,98.7,3859
629,92694,11292,97.1,4567
630,92697,0,-,0
631,92701,12341,92.3,3816
632,92703,13543,95.5,3699
633,92704,19686,95,4671
634,92705,14959,98.4,4172
635,92706,10076,95.6,2805
636,92707,14142,96.4,3501
637,92708,18852,95.6,4188
638,92780,17420,96.4,3721
639,92782,10988,99.8,3230
640,92801,18522,94.8,4112
641,92802,11946,93.9,2794
642,92804,24586,93.3,5862
643,92805,20593,97.3,4959
644,92806,12521,94.9,2814
645,92807,12248,96.7,2890
646,92808,7797,98.9,1909
647,92821,14822,96.9,3534
648,92823,1762,100,676
649,92831,12401,97.8,2358
650,92832,8203,96.6,1617
651,92833,16584,96.7,4158
652,92835,9120,97.8,2399
653,92840,15530,93.1,3615
654,92841,9531,94.2,2177
655,92843,11802,95.7,3111
656,92844,6733,94.9,1155
657,92845,5380,96.3,1216
658,92860,7060,96.4,1665
659,92861,1965,94,453
660,92865,6813,97.8,1560
661,92866,5626,93.5,849
662,92867,12948,97.7,3481
663,92868,7990,96.2,1109
664,92869,11243,96.4,2638
665,92870,16727,97,4503
666,92879,13758,95.2,3322
667,92880,18961,99,8075
668,92881,9057,97.7,2810
669,92882,19622,96.5,5920
670,92883,11248,98.7,3249
671,92886,16777,97.4,4866
672,92887,7071,99.7,1723
673,93001,12810,91.5,1427
674,93003,20167,95.2,3775
675,93004,11183,93.3,2414
676,93010,16264,95.5,3501
677,93012,13273,96,2427
678,93013,6208,96.5,1078
679,93015,5531,87,1476
680,93021,12059,96.5,3494
681,93022,2135,96.1,467
682,93023,8471,96,965
683,93030,14801,93.8,3792
684,93033,16704,94.5,5147
685,93035,8850,97.2,1447
686,93036,13525,96.3,2917
687,93040,510,86.7,80
688,93041,7287,94.7,1559
689,93042,0,-,0
690,93043,0,-,0
691,93060,9970,87.6,2349
692,93063,19624,95.3,3930
693,93064,0,-,0
694,93065,25194,94.3,5575
695,93066,957,97,175
696,93067,208,78.8,35
697,93101,12934,95.1,1396
698,93103,7663,94.6,865
699,93105,10915,96.7,1660
700,93106,14,100,0
701,93108,4536,96.5,569
702,93109,4569,95.9,600
703,93110,6474,94.6,991
704,93111,6390,97,1487
705,93117,16458,97.4,2736
706,93201,311,80.1,144
707,93202,1077,96.4,447
708,93203,4770,90.1,1817
709,93204,3036,95.5,967
710,93205,969,75.9,213
711,93206,445,73,121
712,93207,103,78.6,7
713,93208,81,100,0
714,93210,4831,93.6,839
715,93212,4230,85.7,907
716,93215,12251,78.5,4372
717,93218,160,74.4,42
718,93219,2487,85.1,724
719,93220,33,0,0
720,93221,4506,92.3,892
721,93222,1018,96,210
722,93223,2823,90.3,611
723,93224,158,78.5,24
724,93225,2027,92.8,237
725,93226,37,81.1,0
726,93227,41,100,0
727,93230,21661,93.8,5591
728,93234,1786,76.6,394
729,93235,1262,89,171
730,93237,94,93.6,6
731,93238,344,88.4,55
732,93239,478,78.9,182
733,93240,2482,88.2,135
734,93241,4293,75.9,1300
735,93242,998,82.2,250
736,93243,461,100,2
737,93244,47,80.9,7
738,93245,12059,94.5,3334
739,93246,0,-,0
740,93247,5274,90.1,1288
741,93249,526,54,203
742,93250,3594,80.3,1278
743,93251,87,87.4,13
744,93252,565,84.6,172
745,93254,382,77.5,56
746,93255,448,85,0
747,93256,1540,87.7,555
748,93257,23034,90,5607
749,93258,383,86.4,41
750,93260,86,61.6,5
751,93261,552,73,58
752,93262,0,-,0
753,93263,5723,83.5,1941
754,93265,1346,94.1,258
755,93266,397,94.5,77
756,93267,1833,81.8,242
757,93268,5993,88.5,952
758,93270,1530,92,231
759,93271,1184,93.9,126
760,93272,1138,95.7,509
761,93274,22146,91.6,6327
762,93276,48,87.5,6
763,93277,18755,94,3702
764,93280,6506,69.1,1803
765,93283,1031,80.7,13
766,93285,1212,95.2,28
767,93286,2874,93,828
768,93287,44,88.6,7
769,93291,18167,95.9,5283
770,93292,13737,96.3,2857
771,93301,5190,91.5,493
772,93304,15219,91.5,2558
773,93305,10842,91.1,1945
774,93306,21818,94,5501
775,93307,22520,93,6098
776,93308,19677,94.1,3127
777,93309,22310,95.1,3630
778,93311,15676,97.1,5196
779,93312,18220,98,5738
780,93313,16231,97.1,6562
781,93314,10412,97.6,3471
782,93401,12612,95.2,1507
783,93402,6237,95.2,973
784,93405,8332,98.2,673
785,93407,5,100,0
786,93408,0,-,0
787,93409,0,-,0
788,93410,0,-,0
789,93420,12182,94.1,2566
790,93422,13049,94.9,2326
791,93424,570,100,34
792,93426,551,91.8,97
793,93427,2191,99.5,406
794,93428,2830,97.6,275
795,93429,37,45.9,0
796,93430,1277,94.1,106
797,93432,424,94.8,110
798,93433,5067,98.2,828
799,93434,2051,94.4,532
800,93436,17701,93.1,3725
801,93437,1097,100,560
802,93440,491,85.1,139
803,93441,411,100,89
804,93442,5107,94.3,601
805,93444,7327,97.6,1496
806,93445,2843,92.9,491
807,93446,17239,95.9,3302
808,93449,4283,95.3,221
809,93450,224,91.1,21
810,93451,1586,97.4,319
811,93452,238,83.2,43
812,93453,1206,82.1,63
813,93454,11721,92.2,2881
814,93455,15517,95.7,3439
815,93458,13830,91.9,4060
816,93460,2260,98,369
817,93461,479,91.4,80
818,93463,3588,96.6,387
819,93465,3740,98,900
820,93501,1855,85.1,297
821,93505,4512,94.4,887
822,93510,2420,93.3,461
823,93512,100,96,0
824,93513,660,92.1,91
825,93514,5980,92.6,684
826,93516,1051,90.2,132
827,93517,235,100,9
828,93518,415,92,22
829,93519,0,-,0
830,93522,36,100,0
831,93523,1210,100,551
832,93524,0,-,0
833,93526,318,92.1,39
834,93527,859,78.7,58
835,93528,45,100,0
836,93529,114,100,0
837,93530,31,100,0
838,93531,163,100,30
839,93532,992,96.9,210
840,93534,15438,87.1,2491
841,93535,22797,90.7,5750
842,93536,22752,94.9,5286
843,93541,202,86.1,0
844,93543,3573,95.7,1115
845,93544,574,85.2,91
846,93545,647,85.3,74
847,93546,3631,98.4,628
848,93549,138,84.8,0
849,93550,22825,93.5,5162
850,93551,16820,95.2,3937
851,93552,10897,96.3,3282
852,93553,537,93.3,34
853,93554,44,100,0
854,93555,13093,91.9,2511
855,93558,8,100,0
856,93560,6736,91.9,1778
857,93561,12250,96.1,2581
858,93562,742,95.3,103
859,93563,38,100,25
860,93581,0,-,0
861,93591,2022,95.1,430
862,93601,582,89.2,56
863,93602,1287,92.6,217
864,93603,133,69.2,0
865,93604,154,90.9,16
866,93605,39,87.2,14
867,93606,227,100,65
868,93608,336,79.8,190
869,93609,1439,92.7,381
870,93610,4887,90.4,1408
871,93611,15078,96.3,3931
872,93612,13740,93.4,2099
873,93614,4393,95.3,898
874,93615,1407,81.6,349
875,93616,668,93,124
876,93618,8228,92.8,1942
877,93619,14936,98,4781
878,93620,2775,89.9,527
879,93621,14,100,0
880,93622,2699,82.7,819
881,93623,0,-,0
882,93624,204,89.7,101
883,93625,2581,84.8,683
884,93626,822,92.9,235
885,93627,68,100,62
886,93628,226,100,0
887,93630,5601,87.3,1796
888,93631,5430,93,1395
889,93633,0,-,0
890,93634,0,-,0
891,93635,12686,94.5,3874
892,93636,3991,95.3,1018
893,93637,11645,94.8,3325
894,93638,12433,92.1,3669
895,93640,3033,84,1249
896,93641,90,81.1,0
897,93643,1180,94.6,124
898,93644,3283,93.5,294
899,93645,132,100,72
900,93646,2715,86.9,833
901,93647,2874,92.4,687
902,93648,3938,88.3,1110
903,93650,840,90.6,120
904,93651,606,94.4,172
905,93652,129,76,6
906,93653,572,96.5,183
907,93654,8248,92.6,2579
908,93656,1621,86.5,333
909,93657,10627,89.4,2541
910,93660,868,89.5,346
911,93662,8757,87.3,1907
912,93664,184,94,3
913,93665,83,100,0
914,93666,184,82.6,39
915,93667,802,88.4,138
916,93668,300,100,126
917,93669,89,89.9,0
918,93670,67,100,39
919,93673,121,90.1,38
920,93675,1285,88.7,281
921,93701,3699,78.8,623
922,93702,12674,85.2,2466
923,93703,10324,87.4,1371
924,93704,11475,96.8,1749
925,93705,12791,93.7,1846
926,93706,11653,86,2207
927,93710,12170,92.6,1837
928,93711,15949,94.5,2866
929,93720,18500,96.7,3635
930,93721,2414,81.9,112
931,93722,26424,95.1,6480
932,93723,3249,92.5,1205
933,93725,6820,91.1,1877
934,93726,14643,93,2280
935,93727,23239,92.9,6070
936,93728,6116,90.2,651
937,93730,4602,96,1348
938,93737,2044,94.6,715
939,93740,0,-,0
940,93741,56,73.2,0
941,93901,10494,96.3,2180
942,93905,13709,93.5,4433
943,93906,17729,97,4964
944,93907,7157,97.9,1598
945,93908,4379,97.2,1047
946,93920,569,96.5,166
947,93921,1365,97,211
948,93923,5375,94.6,787
949,93924,2615,95.6,434
950,93925,342,92.4,111
951,93926,2418,95.4,686
952,93927,4402,92,1552
953,93928,0,-,0
954,93930,4423,93.2,1410
955,93932,215,93.5,0
956,93933,9180,95.8,1698
957,93940,14534,96,2133
958,93943,0,-,0
959,93944,0,-,0
960,93950,6731,96.4,991
961,93953,1701,95.9,202
962,93954,100,93,23
963,93955,10493,93.9,2341
964,93960,4090,95.5,1462
965,93962,121,100,0
966,94002,11013,95.9,3369
967,94005,1997,94.3,290
968,94010,16244,96,4643
969,94014,13980,94.7,2342
970,94015,20236,96.1,3862
971,94018,1392,100,235
972,94019,5298,96.6,985
973,94020,845,100,156
974,94021,90,100,26
975,94022,7263,98.8,2146
976,94024,8036,97.6,2910
977,94025,14512,98.6,4292
978,94027,2260,97.3,646
979,94028,2482,98.1,480
980,94030,8108,95.4,1940
981,94037,1040,100,116
982,94038,1109,91.8,381
983,94040,14975,95.8,3322
984,94041,6310,98.6,1251
985,94043,13429,96.8,3029
986,94044,14000,98,2917
987,94060,367,92.9,79
988,94061,13256,97.9,3302
989,94062,9668,98.3,2629
990,94063,10907,96.3,2392
991,94065,4731,98,1404
992,94066,15308,95.7,3319
993,94070,11611,98.2,3596
994,94074,58,100,37
995,94080,22016,93.9,4693
996,94085,8795,98,1932
997,94086,19461,98.1,4558
998,94087,20576,97.9,7244
999,94089,8733,99,1330
1000,94102,19213,90.6,1166
1001,94103,16373,94.6,1138
1002,94104,234,73.5,26
1003,94105,7156,99,382
1004,94107,14248,97.4,1493
1005,94108,6583,88.2,478
1006,94109,32183,93.3,1688
1007,94110,26765,95.7,4049
1008,94111,2368,97,212
1009,94112,23480,96.7,4933
1010,94114,17121,97.5,1966
1011,94115,17009,94.4,1523
1012,94116,15583,94.6,3236
1013,94117,17650,98.1,2088
1014,94118,17485,94.7,2881
1015,94121,18051,94.3,3190
1016,94122,22649,96.7,3422
1017,94123,12992,98.1,1663
1018,94124,10665,93.2,1589
1019,94127,7325,95.7,1998
1020,94128,0,-,0
1021,94129,1340,100,323
1022,94130,650,96.8,53
1023,94131,12764,97.6,1998
1024,94132,10697,95.3,1230
1025,94133,13151,92,957
1026,94134,12660,95.5,1999
1027,94158,4827,95.3,970
1028,94188,0,-,0
1029,94301,7145,95.8,1660
1030,94303,14451,97.1,4397
1031,94304,1893,97.6,376
1032,94305,3545,99.8,397
1033,94306,10698,98.1,2975
1034,94401,12869,96.8,2126
1035,94402,10282,96.7,2646
1036,94403,16895,97.1,4071
1037,94404,14137,97.9,4009
1038,94501,25516,96.2,5262
1039,94502,4984,98,1652
1040,94503,5622,97.2,1845
1041,94505,5546,99.5,1464
1042,94506,9286,98.9,3684
1043,94507,4989,99,1199
1044,94508,1017,98,278
1045,94509,22921,95.5,3768
1046,94510,10883,97.3,2118
1047,94511,864,100,160
1048,94512,0,-,0
1049,94513,21326,97.9,7183
1050,94514,582,98.3,92
1051,94515,2730,97.7,379
1052,94516,77,81.8,7
1053,94517,4359,98.1,1105
1054,94518,10216,96.8,2095
1055,94519,7082,96.9,1601
1056,94520,13095,96.8,2800
1057,94521,15676,95.7,3392
1058,94523,13969,94.7,3171
1059,94525,1529,97.8,260
1060,94526,12655,96.4,3542
1061,94528,232,100,90
1062,94530,10761,96.5,2249
1063,94531,12807,98.1,2861
1064,94533,24343,95.4,4964
1065,94534,13267,97,3241
1066,94535,1009,100,625
1067,94536,24776,97.4,8144
1068,94538,21726,97.8,7185
1069,94539,16409,98.5,6724
1070,94541,22134,94.9,4888
1071,94542,5029,98.6,942
1072,94544,23037,96.2,5333
1073,94545,9966,94.6,2252
1074,94546,16218,96,3965
1075,94547,9068,98.1,1937
1076,94548,185,80.5,67
1077,94549,10108,97.6,3063
1078,94550,17450,97.3,5027
1079,94551,14391,96.7,3446
1080,94552,5048,99.3,1312
1081,94553,19163,97.1,4096
1082,94555,11718,98.7,5682
1083,94556,5534,96.8,1617
1084,94558,24070,95.5,5030
1085,94559,10131,97,1859
1086,94560,14354,98.6,3796
1087,94561,12924,97.3,4152
1088,94562,0,-,0
1089,94563,7226,97.6,2500
1090,94564,6794,92.5,1110
1091,94565,29146,94.8,6371
1092,94566,16088,97.6,5090
1093,94567,241,97.5,51
1094,94568,22946,98.3,8830
1095,94569,169,100,0
1096,94571,5320,95.5,210
1097,94572,3234,96.1,610
1098,94573,34,100,0
1099,94574,3443,97.8,590
1100,94575,0,-,0
1101,94576,52,100,0
1102,94577,16954,92.7,3081
1103,94578,14091,94.5,2599
1104,94579,6607,96.5,1346
1105,94580,8938,95.8,2218
1106,94582,16025,99.4,7210
1107,94583,13361,97.6,4935
1108,94585,9486,97.2,2139
1109,94586,299,100,69
1110,94587,20800,97.5,5289
1111,94588,12169,99.5,4382
1112,94589,9731,95,2108
1113,94590,15234,93.6,1959
1114,94591,19652,97.4,3336
1115,94592,425,100,49
1116,94595,9514,93.9,833
1117,94596,10501,98.2,1685
1118,94597,10839,98.5,1996
1119,94598,10430,98.3,2576
1120,94599,1639,88.5,115
1121,94601,15758,90.3,3115
1122,94602,12034,96.1,2196
1123,94603,10174,90.2,2390
1124,94605,16812,92.5,2475
1125,94606,15712,92.7,1751
1126,94607,11678,90.1,751
1127,94608,15442,96.3,1252
1128,94609,10321,96.3,1423
1129,94610,15656,96.9,1981
1130,94611,17675,95.8,3368
1131,94612,9429,88.6,336
1132,94613,0,-,0
1133,94618,7409,98.2,1432
1134,94619,9457,96.2,2264
1135,94621,9900,89.6,1953
1136,94702,7094,95.5,1211
1137,94703,7962,97.6,1226
1138,94704,7843,97.3,310
1139,94705,5837,98.2,1076
1140,94706,7968,97.1,2453
1141,94707,4932,96.2,993
1142,94708,4574,99.3,960
1143,94709,5084,97.7,468
1144,94710,3368,96.3,411
1145,94720,154,93.5,24
1146,94801,9931,93.3,2438
1147,94803,9317,96.6,1766
1148,94804,15463,94.7,2990
1149,94805,5578,97.5,1071
1150,94806,20357,95.5,4049
1151,94901,15851,96.9,3067
1152,94903,12591,96.2,2351
1153,94904,5643,95.2,1393
1154,94920,5025,98.5,1247
1155,94922,100,100,0
1156,94923,556,90.6,31
1157,94924,557,100,0
1158,94925,3930,98.2,1181
1159,94928,17183,96.6,2398
1160,94929,160,100,54
1161,94930,3803,97.4,590
1162,94931,3539,96.9,650
1163,94933,516,97.3,66
1164,94937,580,94.7,51
1165,94938,265,100,0
1166,94939,3416,99.2,612
1167,94940,100,100,22
1168,94941,12469,97.8,3455
1169,94945,7137,97.8,1422
1170,94946,285,96.5,43
1171,94947,9236,93.6,1734
1172,94949,7082,95.2,1481
1173,94950,7,100,0
1174,94951,1483,94.5,135
1175,94952,13510,97.4,2797
1176,94954,13929,95.1,3177
1177,94956,623,91.7,26
1178,94957,671,100,223
1179,94960,5988,98.3,1572
1180,94963,129,100,20
1181,94964,127,100,0
1182,94965,6149,97.8,470
1183,94970,300,100,33
1184,94971,121,100,10
1185,94972,38,100,33
1186,94973,643,93.8,23
1187,95002,575,95.1,132
1188,95003,10166,96.3,1710
1189,95004,1398,94.1,202
1190,95005,2945,95,395
1191,95006,3534,97.8,469
1192,95007,214,100,52
1193,95008,19327,96.9,4389
1194,95010,4315,97.3,448
1195,95012,2517,92,860
1196,95013,18,100,0
1197,95014,21646,97.6,8638
1198,95017,268,86.9,66
1199,95018,2552,97.1,365
1200,95019,2024,76.6,552
1201,95020,19669,97.9,5559
1202,95023,16566,96.3,4741
1203,95030,5355,98.7,1256
1204,95032,10275,93.6,3092
1205,95033,3753,96.9,900
1206,95035,23749,98.2,7222
1207,95037,16888,97.5,4947
1208,95039,377,96,83
1209,95041,283,100,118
1210,95043,272,90.4,42
1211,95045,1421,99.1,220
1212,95046,1847,94.4,380
1213,95050,14764,97.1,2806
1214,95051,22468,97.8,5891
1215,95053,0,-,0
1216,95054,8578,99.1,2551
1217,95060,18841,96.6,2524
1218,95062,15149,96.4,2466
1219,95064,536,100,86
1220,95065,2930,97.7,536
1221,95066,5893,96.8,1130
1222,95070,11376,98.6,3564
1223,95073,4175,95.5,985
1224,95075,176,100,39
1225,95076,24053,92.6,5811
1226,95110,6665,96.1,1277
1227,95111,15899,96.1,4134
1228,95112,20778,94.6,2504
1229,95113,1276,88.1,21
1230,95116,13728,93,3105
1231,95117,10479,97.4,2737
1232,95118,11204,97.1,3330
1233,95119,3388,99.6,903
1234,95120,12536,97.6,4454
1235,95121,9832,97.9,2636
1236,95122,12058,95.3,2961
1237,95123,23930,97.9,5704
1238,95124,17553,97.1,6593
1239,95125,21083,96.7,4792
1240,95126,15021,97,2465
1241,95127,15939,95.8,4231
1242,95128,13898,94,2270
1243,95129,13835,96.8,4712
1244,95130,4491,96.9,1449
1245,95131,9736,98.2,2959
1246,95132,12115,95.8,3145
1247,95133,8875,95,1881
1248,95134,13383,99.9,2497
1249,95135,7651,96,2403
1250,95136,16114,98.5,3855
1251,95138,5639,98,1777
1252,95139,2117,99.2,609
1253,95140,60,91.7,9
1254,95148,12124,98.3,3876
1255,95202,2920,74.3,85
1256,95203,5387,95.1,989
1257,95204,11080,92.8,1881
1258,95205,10735,90.7,2590
1259,95206,17279,94.8,5117
1260,95207,18347,92.4,3013
1261,95209,13129,94.8,3366
1262,95210,11934,94.4,2371
1263,95211,0,-,0
1264,95212,7747,96.9,2203
1265,95215,7076,92.3,1602
1266,95219,10856,97.9,2770
1267,95220,2712,95.6,720
1268,95221,69,100,0
1269,95222,2238,90.2,193
1270,95223,1305,96.1,46
1271,95224,74,83.8,9
1272,95225,322,58.1,19
1273,95226,0,-,0
1274,95227,332,96.1,76
1275,95228,1731,98.5,182
1276,95230,226,100,81
1277,95231,709,83.6,188
1278,95232,29,100,0
1279,95233,99,96,12
1280,95236,1708,93.4,312
1281,95237,1522,92.1,276
1282,95240,16235,93.3,3643
1283,95242,10058,96,2435
1284,95245,1003,90.6,56
1285,95246,447,94.6,41
1286,95247,1542,90.4,161
1287,95248,16,100,0
1288,95249,1749,99.2,190
1289,95251,250,100,0
1290,95252,4814,94.6,952
1291,95253,124,100,47
1292,95254,279,100,26
1293,95255,708,86,59
1294,95257,149,100,0
1295,95258,1538,98,348
1296,95301,12857,95.2,2745
1297,95303,291,100,70
1298,95304,4359,97.9,1167
1299,95305,58,50,0
1300,95306,383,83.3,19
1301,95307,13022,90.3,3350
1302,95309,0,-,0
1303,95310,713,89.8,53
1304,95311,989,92.5,59
1305,95312,63,92.1,0
1306,95313,424,80.4,50
1307,95315,3554,94.3,1001
1308,95316,2627,95.7,868
1309,95317,260,91.9,109
1310,95318,224,100,39
1311,95319,576,100,50
1312,95320,4585,95.2,1181
1313,95321,1809,96.5,151
1314,95322,3319,92.1,533
1315,95323,434,96.8,152
1316,95324,2626,90.3,715
1317,95325,35,100,0
1318,95326,3743,92.9,669
1319,95327,3012,94,312
1320,95328,989,83.9,468
1321,95329,1172,90.1,111
1322,95330,6907,97.4,2557
1323,95333,794,88.9,147
1324,95334,4142,94.2,1019
1325,95335,73,100,0
1326,95336,15395,94.4,2800
1327,95337,12551,95.1,3608
1328,95338,4720,88.9,521
1329,95340,12338,93.2,1976
1330,95341,8787,90.6,2183
1331,95345,332,91.6,78
1332,95346,488,90,105
1333,95348,10765,92.3,1801
1334,95350,19358,93.7,3448
1335,95351,13453,91.9,2973
1336,95354,8773,92.3,1545
1337,95355,21060,94.3,4114
1338,95356,11219,98.1,2742
1339,95357,4259,95.8,1035
1340,95358,8418,93.3,2549
1341,95360,3956,92.6,1062
1342,95361,12286,92.8,2792
1343,95363,7948,96,3146
1344,95364,0,-,0
1345,95365,1106,83.8,342
1346,95366,6649,94.6,1514
1347,95367,7489,94.5,2285
1348,95368,4262,94.5,1104
1349,95369,331,86.4,49
1350,95370,11988,91.5,1712
1351,95372,645,92.9,199
1352,95374,540,94.1,152
1353,95375,61,26.2,0
1354,95376,16697,97.4,4547
1355,95377,9045,96.8,3626
1356,95379,1705,90.6,247
1357,95380,15286,92.6,3063
1358,95382,12894,93.9,3357
1359,95383,1870,94.7,352
1360,95385,213,100,57
1361,95386,2934,93.7,761
1362,95387,275,80.7,104
1363,95388,3740,95.5,823
1364,95389,333,98.5,0
1365,95391,5983,99.9,3349
1366,95401,13592,97.4,2302
1367,95403,16286,96.3,3266
1368,95404,15507,93.9,2892
1369,95405,9396,97,1485
1370,95407,12871,96.1,3108
1371,95409,11870,95.5,1756
1372,95410,412,87.1,0
1373,95412,161,91.3,15
1374,95415,433,96.8,88
1375,95417,95,61.1,34
1376,95419,162,78.4,0
1377,95420,85,100,25
1378,95421,726,91.6,81
1379,95422,6136,86.7,608
1380,95423,1528,82.5,107
1381,95425,4585,96,1047
1382,95426,644,100,38
1383,95427,223,100,21
1384,95428,973,74.7,112
1385,95429,70,42.9,0
1386,95430,15,100,0
1387,95431,0,-,0
1388,95432,276,96.4,12
1389,95435,89,100,75
1390,95436,2644,95.9,578
1391,95437,6438,88.1,750
1392,95439,169,100,18
1393,95441,701,93.6,111
1394,95442,1161,98.5,134
1395,95443,36,100,0
1396,95444,219,100,14
1397,95445,955,95.7,101
1398,95446,2336,93.9,123
1399,95448,6724,94.5,1087
1400,95449,493,85.8,50
1401,95450,84,86.9,0
1402,95451,4767,91.9,529
1403,95452,623,89.6,52
1404,95453,4638,91.3,681
1405,95454,924,82.5,89
1406,95456,419,95.7,12
1407,95457,1368,91.2,166
1408,95458,1359,93.5,76
1409,95459,313,88.8,66
1410,95460,1070,91.8,38
1411,95461,1322,89.8,232
1412,95462,592,97.6,27
1413,95463,35,100,7
1414,95464,921,88.9,185
1415,95465,603,98.5,76
1416,95466,310,95.5,0
1417,95467,2244,100,584
1418,95468,547,83.4,80
1419,95469,615,91.7,65
1420,95470,2096,94.6,438
1421,95471,388,100,55
1422,95472,11767,96.4,1717
1423,95476,15163,96.6,2134
1424,95480,5,20,0
1425,95482,11329,90.3,2255
1426,95485,1199,92.9,138
1427,95486,35,100,0
1428,95488,103,100,6
1429,95490,5578,87.6,748
1430,95492,9771,95.4,2595
1431,95493,46,100,0
1432,95494,42,100,0
1433,95497,583,96.9,11
1434,95501,9787,95.2,1273
1435,95503,9567,94,1293
1436,95511,57,100,0
1437,95514,59,74.6,0
1438,95519,7259,95.8,1321
1439,95521,8351,94.5,737
1440,95524,669,93.3,93
1441,95525,698,93.6,11
1442,95526,210,80,5
1443,95527,197,64.5,0
1444,95528,578,93.6,63
1445,95531,7688,94,1336
1446,95536,1158,87,203
1447,95537,126,100,0
1448,95538,438,97.7,43
1449,95540,5638,90.4,953
1450,95542,1137,92.5,120
1451,95543,232,96.6,0
1452,95545,84,61.9,11
1453,95546,913,82.4,70
1454,95547,486,92,63
1455,95548,383,87.5,48
1456,95549,393,98.2,91
1457,95550,64,85.9,0
1458,95551,620,93.7,119
1459,95552,240,77.1,7
1460,95553,359,91.6,28
1461,95554,176,88.1,0
1462,95555,120,84.2,8
1463,95556,271,95.9,140
1464,95558,135,82.2,15
1465,95559,0,-,0
1466,95560,623,93.9,47
1467,95562,1381,80.7,186
1468,95563,293,86.3,36
1469,95564,201,96.5,18
1470,95565,274,97.4,23
1471,95567,790,87.3,107
1472,95568,46,100,1
1473,95569,106,89.6,0
1474,95570,1071,97.6,131
1475,95571,47,100,0
1476,95573,581,92.3,119
1477,95585,194,87.1,12
1478,95587,36,100,0
1479,95589,654,97.6,27
1480,95595,112,100,7
1481,95601,138,100,14
1482,95602,7290,96,1093
1483,95603,11825,95,1794
1484,95604,23,100,0
1485,95605,4924,92.7,942
1486,95606,91,80.2,24
1487,95607,94,90.4,8
1488,95608,25840,96,4337
1489,95610,17254,95.4,2966
1490,95612,523,90.1,116
1491,95613,53,100,0
1492,95614,1797,100,304
1493,95615,342,95.3,94
1494,95616,18126,98.3,2321
1495,95618,9708,98.4,2188
1496,95619,2513,93.7,615
1497,95620,7379,95.9,1805
1498,95621,16495,95.2,2546
1499,95623,1606,97.3,339
1500,95624,20205,97.3,6220
1501,95625,119,63,0
1502,95626,1934,98,352
1503,95627,1209,98.4,386
1504,95628,16594,97.2,2973
1505,95629,305,66.9,54
1506,95630,27236,97.7,8510
1507,95631,2552,91.3,224
1508,95632,10076,94.3,2964
1509,95633,1266,83.1,152
1510,95634,1842,81.5,135
1511,95635,369,100,0
1512,95636,497,93,205
1513,95637,56,100,0
1514,95638,828,85.1,171
1515,95639,70,100,0
1516,95640,3819,87.4,611
1517,95641,741,82.2,48
1518,95642,2915,94.6,333
1519,95645,467,76.2,80
1520,95646,89,100,30
1521,95648,20372,97.5,4615
1522,95650,5467,97.4,1355
1523,95651,201,80.6,42
1524,95652,318,100,35
1525,95653,166,84.9,52
1526,95655,1545,96.8,665
1527,95658,2325,95.5,387
1528,95659,316,92.7,72
1529,95660,10831,94.2,2364
1530,95661,12829,95.3,2749
1531,95662,12767,95.6,2176
1532,95663,1092,98.8,229
1533,95664,395,100,29
1534,95665,1851,93,300
1535,95666,2441,94.4,278
1536,95667,14514,92.9,1998
1537,95668,196,77,25
1538,95669,982,90.2,162
1539,95670,21713,96.9,4484
1540,95671,39,100,0
1541,95672,2084,94.5,541
1542,95673,5154,96.7,1140
1543,95674,269,91.1,50
1544,95675,157,75.8,56
1545,95676,41,82.9,17
1546,95677,10223,95.6,2539
1547,95678,17322,96.1,3629
1548,95679,64,100,22
1549,95680,0,-,0
1550,95681,336,95.5,170
1551,95682,11621,95.4,2518
1552,95683,2564,98.9,336
1553,95684,1309,94.3,136
1554,95685,2214,93.3,189
1555,95686,387,94.8,58
1556,95687,22424,96.4,4512
1557,95688,13909,96.6,3016
1558,95689,562,92.2,60
1559,95690,711,98.2,182
1560,95691,14086,96.1,3786
1561,95692,1721,95.4,335
1562,95693,2475,96.1,483
1563,95694,3299,94.6,798
1564,95695,14578,88.6,3460
1565,95697,105,90.5,0
1566,95698,138,72.5,12
1567,95699,7,100,0
1568,95701,391,96.7,30
1569,95703,820,100,98
1570,95709,2546,97.6,389
1571,95713,3748,93,677
1572,95714,157,89.2,24
1573,95715,21,85.7,0
1574,95717,73,90.4,0
1575,95720,47,91.5,13
1576,95721,0,-,0
1577,95722,1873,97.1,318
1578,95726,3342,95.9,399
1579,95728,139,100,23
1580,95735,24,87.5,2
1581,95736,57,100,0
1582,95742,4030,100,1596
1583,95746,7945,97.3,2233
1584,95747,25949,97.7,7416
1585,95757,14578,99.1,6003
1586,95758,22152,97.4,5754
1587,95762,15688,98,4818
1588,95765,13911,97.5,5181
1589,95776,7977,95.9,2178
1590,95811,4079,96.6,58
1591,95814,6777,92,109
1592,95815,9634,91.1,1254
1593,95816,10574,97.1,634
1594,95817,6558,94.4,571
1595,95818,10404,97.1,1317
1596,95819,8112,97,1495
1597,95820,13625,92.7,1920
1598,95821,15809,94.3,2440
1599,95822,16651,92.4,3015
1600,95823,24311,95.1,5368
1601,95824,9144,88.4,2074
1602,95825,16086,96.9,1905
1603,95826,16045,95.8,2646
1604,95827,7407,93,1459
1605,95828,17895,94.5,3680
1606,95829,9157,97.6,2770
1607,95830,202,100,30
1608,95831,18969,95.6,2941
1609,95832,3237,96.2,781
1610,95833,15582,97.4,2905
1611,95834,11682,98.1,2971
1612,95835,14342,98.8,4004
1613,95837,106,100,6
1614,95838,11671,95.9,2443
1615,95841,8225,96.2,1438
1616,95842,11884,95,2034
1617,95843,15020,98.9,4145
1618,95864,9891,96.5,2222
1619,95901,12615,91.7,2691
1620,95903,357,100,187
1621,95910,65,58.5,0
1622,95912,1406,87.5,438
1623,95913,96,86.5,3
1624,95914,254,79.1,12
1625,95915,0,-,0
1626,95916,486,86.2,10
1627,95917,1293,97.9,259
1628,95918,820,97.8,84
1629,95919,529,90.7,0
1630,95920,102,62.7,9
1631,95922,265,88.7,53
1632,95923,39,100,0
1633,95925,105,88.6,21
1634,95926,17314,97.2,2163
1635,95928,15690,95.6,1940
1636,95929,0,-,0
1637,95930,176,62.5,0
1638,95932,3002,92,516
1639,95934,60,100,0
1640,95935,165,100,0
1641,95936,56,85.7,0
1642,95937,515,81,63
1643,95938,1408,100,315
1644,95939,180,82.2,28
1645,95941,119,100,0
1646,95942,863,100,191
1647,95943,247,98.4,48
1648,95944,64,0,0
1649,95945,11680,91,1422
1650,95946,3563,97.4,411
1651,95947,689,88.4,59
1652,95948,3821,93.2,1017
1653,95949,7914,93.3,1127
1654,95950,205,84.4,27
1655,95951,814,85.1,230
1656,95953,3244,93.2,628
1657,95954,4377,94.6,543
1658,95955,507,76.7,92
1659,95956,196,80.6,39
1660,95957,285,92.3,73
1661,95958,0,-,0
1662,95959,7577,96.9,740
1663,95960,276,88.8,46
1664,95961,9437,92.7,2802
1665,95962,454,100,162
1666,95963,5710,91.4,1333
1667,95965,7704,90.6,990
1668,95966,11923,91.7,1769
1669,95968,507,81.1,53
1670,95969,4113,94.1,337
1671,95970,192,92.7,50
1672,95971,2145,93.6,278
1673,95972,54,100,0
1674,95973,15175,96.7,3104
1675,95974,51,100,0
1676,95975,730,94.7,16
1677,95977,688,89,220
1678,95978,36,75,0
1679,95979,163,85.9,6
1680,95981,18,100,18
1681,95982,1115,95.3,223
1682,95983,174,94.3,0
1683,95984,94,64.9,0
1684,95986,35,100,0
1685,95987,1871,85.9,789
1686,95988,2805,89.9,622
1687,95991,14445,91.2,3167
1688,95993,12585,92.6,3243
1689,96001,13369,95.2,1875
1690,96002,12688,93.8,2477
1691,96003,18350,93.8,2284
1692,96006,216,83.3,23
1693,96007,9531,92.4,1626
1694,96008,441,95,47
1695,96009,143,83.9,15
1696,96010,14,100,0
1697,96011,87,64.4,5
1698,96013,1600,94.8,227
1699,96014,66,74.2,15
1700,96015,80,73.8,0
1701,96016,133,100,0
1702,96017,84,94,0
1703,96019,4050,91,740
1704,96020,1155,91.4,103
1705,96021,5379,85,828
1706,96022,5720,94,1032
1707,96023,502,80.3,77
1708,96024,319,84,36
1709,96025,959,89.9,123
1710,96027,844,90,132
1711,96028,607,93.7,99
1712,96029,59,91.5,12
1713,96031,29,86.2,1
1714,96032,1031,91.7,193
1715,96033,174,85.1,19
1716,96034,159,84.3,30
1717,96035,1483,86.3,279
1718,96037,43,100,0
1719,96038,259,95,29
1720,96039,414,87.2,29
1721,96040,38,100,0
1722,96041,1095,82.5,31
1723,96044,453,87.4,58
1724,96046,54,100,0
1725,96047,354,91.2,49
1726,96048,401,88,20
1727,96050,245,77.1,12
1728,96051,575,97.9,8
1729,96052,611,93.3,48
1730,96054,121,96.7,4
1731,96055,1588,85.1,330
1732,96056,542,90.4,82
1733,96057,495,81.2,49
1734,96058,200,84.5,52
1735,96059,182,72.5,0
1736,96061,0,-,0
1737,96062,410,90.5,64
1738,96063,76,100,19
1739,96064,1799,94.4,271
1740,96065,151,100,3
1741,96067,3655,95.5,480
1742,96068,19,94.7,0
1743,96069,459,86.9,82
1744,96071,10,100,0
1745,96073,1903,94.4,470
1746,96074,33,93.9,10
1747,96075,176,52.3,0
1748,96076,84,47.6,0
1749,96078,0,-,0
1750,96080,12031,91.5,2075
1751,96084,258,95,33
1752,96085,7,71.4,4
1753,96086,114,90.4,4
1754,96087,313,91.4,25
1755,96088,2221,92.7,134
1756,96090,209,85.2,25
1757,96091,338,86.1,36
1758,96092,91,90.1,26
1759,96093,1695,93.2,92
1760,96094,2855,90.1,398
1761,96096,333,95.8,31
1762,96097,4165,90.5,544
1763,96101,2041,86.4,267
1764,96103,681,95.3,27
1765,96104,398,94,60
1766,96105,174,83.9,0
1767,96106,203,100,31
1768,96107,341,100,107
1769,96108,54,77.8,9
1770,96109,414,90.3,36
1771,96110,13,100,0
1772,96111,14,100,0
1773,96112,93,91.4,3
1774,96113,411,85.4,40
1775,96114,1311,92.1,69
1776,96115,67,100,9
1777,96116,31,0,0
1778,96117,99,81.8,16
1779,96118,569,85.2,66
1780,96119,12,100,0
1781,96120,326,96,24
1782,96121,112,100,33
1783,96122,1728,87.9,251
1784,96123,25,72,3
1785,96124,111,100,44
1786,96125,76,100,0
1787,96126,66,100,0
1788,96128,250,100,96
1789,96129,158,91.8,57
1790,96130,4967,92,838
1791,96132,10,70,1
1792,96133,129,100,0
1793,96134,676,80.6,160
1794,96135,60,100,0
1795,96136,17,100,0
1796,96137,1471,84,112
1797,96140,592,98.5,102
1798,96141,257,97.3,47
1799,96142,374,93.9,45
1800,96143,1467,94.4,222
1801,96145,1157,97.4,187
1802,96146,498,98.4,77
1803,96148,293,100,26
1804,96150,12461,95.1,1864
1805,96155,0,-,0
1806,96161,7193,99.2,1668
1807,97635,75,89.3,6
